,Document,Question,Answer,Question-Context N-gram Similarity,Answer-Context N-gram Similarity,LLM Score
0,"Hebt u na het lezen van deze informatie nog vragen, stel ze gerust. U kunt daarvoor bellen met de afdeling nucleaire geneeskunde, telefoonnummer 088 708 56 70. U vindt ons op routenummer 1.15, ziekenhuislocatie Hengelo. Ruimte voor informatie",Hoe kan ik vragen stellen over de informatie in dit document?,U kunt bellen met de afdeling nucleaire geneeskunde op telefoonnummer 088 708 56 70.,0.0,0.28,100.0
1,"Hebt u na het lezen van deze informatie nog vragen, stel ze gerust. U kunt daarvoor bellen met de afdeling nucleaire geneeskunde, telefoonnummer 088 708 56 70. U vindt ons op routenummer 1.15, ziekenhuislocatie Hengelo. Ruimte voor informatie",Waar kan ik terecht met eventuele vragen over de informatie uit dit document?,U kunt bellen met de afdeling nucleaire geneeskunde op telefoonnummer 088 708 56 70.,0.0,0.28,100.0
2,"Hebt u na het lezen van deze informatie nog vragen, stel ze gerust. U kunt daarvoor bellen met de afdeling nucleaire geneeskunde, telefoonnummer 088 708 56 70. U vindt ons op routenummer 1.15, ziekenhuislocatie Hengelo. Ruimte voor informatie",Waar kan ik de afdeling nucleaire geneeskunde vinden?,"De afdeling bevindt zich op routenummer 1.15, ziekenhuislocatie Hengelo.",0.08,0.12,100.0
3,"Hebt u na het lezen van deze informatie nog vragen, stel ze gerust. U kunt daarvoor bellen met de afdeling nucleaire geneeskunde, telefoonnummer 088 708 56 70. U vindt ons op routenummer 1.15, ziekenhuislocatie Hengelo. Ruimte voor informatie",Is er ruimte voor extra informatie na het lezen van dit document?,"Ja, er is ruimte voor extra informatie na het lezen van dit document. U kunt hiervoor bellen met de afdeling nucleaire geneeskunde.",0.0,0.1,100.0
4,"Hebt u na het lezen van deze informatie nog vragen, stel ze gerust. U kunt daarvoor bellen met de afdeling nucleaire geneeskunde, telefoonnummer 088 708 56 70. U vindt ons op routenummer 1.15, ziekenhuislocatie Hengelo. Ruimte voor informatie",Wat is het telefoonnummer van de afdeling nucleaire geneeskunde?,Het telefoonnummer van de afdeling nucleaire geneeskunde is 088 708 56 70.,0.08333333333333333,0.15384615384615385,100.0
5,"Heeft u naar aanleiding van deze folder vragen, neem dan contact op met ZGT secretariaat plastische chirurgie, bereikbaar op maandag tot en met vrijdag van 8.00 - 16.30 uur, telefoonnummer 088 708 52 45.",Hoe kan ik contact opnemen met ZGT secretariaat plastische chirurgie?,"U kunt contact opnemen met ZGT secretariaat plastische chirurgie op maandag tot en met vrijdag van 8.00 - 16.30 uur, telefoonnummer 088 708 52 45.",0.14285714285714285,0.5217391304347826,100.0
6,"Heeft u naar aanleiding van deze folder vragen, neem dan contact op met ZGT secretariaat plastische chirurgie, bereikbaar op maandag tot en met vrijdag van 8.00 - 16.30 uur, telefoonnummer 088 708 52 45.",Op welke tijden is ZGT secretariaat plastische chirurgie bereikbaar?,ZGT secretariaat plastische chirurgie is bereikbaar op maandag tot en met vrijdag van 8.00 - 16.30 uur.,0.19047619047619047,0.47368421052631576,100.0
7,"Heeft u naar aanleiding van deze folder vragen, neem dan contact op met ZGT secretariaat plastische chirurgie, bereikbaar op maandag tot en met vrijdag van 8.00 - 16.30 uur, telefoonnummer 088 708 52 45.",Wat is het telefoonnummer van ZGT secretariaat plastische chirurgie?,Het telefoonnummer van ZGT secretariaat plastische chirurgie is 088 708 52 45.,0.15,0.2857142857142857,
8,"Heeft u naar aanleiding van deze folder vragen, neem dan contact op met ZGT secretariaat plastische chirurgie, bereikbaar op maandag tot en met vrijdag van 8.00 - 16.30 uur, telefoonnummer 088 708 52 45.",Welke dagen is ZGT secretariaat plastische chirurgie bereikbaar?,ZGT secretariaat plastische chirurgie is bereikbaar van maandag tot en met vrijdag.,0.19047619047619047,0.3157894736842105,100.0
9,"Heeft u naar aanleiding van deze folder vragen, neem dan contact op met ZGT secretariaat plastische chirurgie, bereikbaar op maandag tot en met vrijdag van 8.00 - 16.30 uur, telefoonnummer 088 708 52 45.",Wat is het werkgebied van ZGT secretariaat plastische chirurgie?,Het werkgebied van ZGT secretariaat plastische chirurgie is de regio Twente.,0.15,0.13636363636363635,100.0
10,Het telefoonnummer van onze afdeling is: 088 708 35 10. Om te vragen hoe de nacht is verlopen kunt u bellen voor 07.00 uur. Voor overige informatie graag na 11.00 uur.,Wat is het beste tijdstip om te bellen om te vragen hoe de nacht is verlopen?,Het is het beste om voor 07.00 uur te bellen.,0.09523809523809523,0.05,
11,Het telefoonnummer van onze afdeling is: 088 708 35 10. Om te vragen hoe de nacht is verlopen kunt u bellen voor 07.00 uur. Voor overige informatie graag na 11.00 uur.,Wat is het telefoonnummer van de afdeling?,Het telefoonnummer van de afdeling is 088 708 35 10.,0.0,0.15,100.0
12,Het telefoonnummer van onze afdeling is: 088 708 35 10. Om te vragen hoe de nacht is verlopen kunt u bellen voor 07.00 uur. Voor overige informatie graag na 11.00 uur.,Vanaf hoe laat kan ik bellen voor overige informatie?,U kunt bellen voor overige informatie na 11.00 uur.,0.047619047619047616,0.15,100.0
13,Het telefoonnummer van onze afdeling is: 088 708 35 10. Om te vragen hoe de nacht is verlopen kunt u bellen voor 07.00 uur. Voor overige informatie graag na 11.00 uur.,Wat is het nummer dat ik moet bellen voor vragen over de nacht?,U kunt bellen naar 088 708 35 10 voor vragen over de nacht.,0.05,0.19047619047619047,100.0
14,Het telefoonnummer van onze afdeling is: 088 708 35 10. Om te vragen hoe de nacht is verlopen kunt u bellen voor 07.00 uur. Voor overige informatie graag na 11.00 uur.,Wat is de uiterste tijd om te bellen voor vragen over de nacht?,U kunt bellen voor 07.00 uur om te vragen hoe de nacht is verlopen.,0.047619047619047616,0.2631578947368421,95.0
15,Bij vragen of problemen kunt u tijdens kantooruren (8.00 tot 16.30 uur) contact opnemen met de polikliniek plastische chirurgie via telefoonnummer: 088 708 52 45. Bij complicaties buiten kantooruren kunt u contact opnemen met de afdeling spoedeisende hulp via het algemene telefoonnummer van ZGT: 088 708 78 78.,Hoe kan ik tijdens kantooruren contact opnemen met de polikliniek plastische chirurgie?,U kunt tijdens kantooruren (8.00 tot 16.30 uur) contact opnemen met de polikliniek plastische chirurgie via telefoonnummer: 088 708 52 45.,0.14705882352941177,0.4411764705882353,100.0
16,Bij vragen of problemen kunt u tijdens kantooruren (8.00 tot 16.30 uur) contact opnemen met de polikliniek plastische chirurgie via telefoonnummer: 088 708 52 45. Bij complicaties buiten kantooruren kunt u contact opnemen met de afdeling spoedeisende hulp via het algemene telefoonnummer van ZGT: 088 708 78 78.,Hoe kan ik buiten kantooruren contact opnemen met de afdeling spoedeisende hulp?,Buiten kantooruren kunt u contact opnemen met de afdeling spoedeisende hulp via het algemene telefoonnummer van ZGT: 088 708 78 78.,0.14705882352941177,0.45454545454545453,100.0
17,Bij vragen of problemen kunt u tijdens kantooruren (8.00 tot 16.30 uur) contact opnemen met de polikliniek plastische chirurgie via telefoonnummer: 088 708 52 45. Bij complicaties buiten kantooruren kunt u contact opnemen met de afdeling spoedeisende hulp via het algemene telefoonnummer van ZGT: 088 708 78 78.,Wat is het telefoonnummer van de polikliniek plastische chirurgie?,Het telefoonnummer van de polikliniek plastische chirurgie is 088 708 52 45.,0.058823529411764705,0.1111111111111111,100.0
18,Bij vragen of problemen kunt u tijdens kantooruren (8.00 tot 16.30 uur) contact opnemen met de polikliniek plastische chirurgie via telefoonnummer: 088 708 52 45. Bij complicaties buiten kantooruren kunt u contact opnemen met de afdeling spoedeisende hulp via het algemene telefoonnummer van ZGT: 088 708 78 78.,Wat is het algemene telefoonnummer van ZGT?,Het algemene telefoonnummer van ZGT is 088 708 78 78.,0.06060606060606061,0.18181818181818182,
19,Bij vragen of problemen kunt u tijdens kantooruren (8.00 tot 16.30 uur) contact opnemen met de polikliniek plastische chirurgie via telefoonnummer: 088 708 52 45. Bij complicaties buiten kantooruren kunt u contact opnemen met de afdeling spoedeisende hulp via het algemene telefoonnummer van ZGT: 088 708 78 78.,Wat zijn de kantooruren van de polikliniek plastische chirurgie?,De kantooruren van de polikliniek plastische chirurgie zijn van 8.00 tot 16.30 uur.,0.058823529411764705,0.11428571428571428,95.0
20,"ziekenhuis? Complicaties komen bij dit onderzoek heel zelden voor. Hebt u na afloop van het onderzoek buikpijn, koorts en/of bloedverlies Dan belt u met het MDL-centrum. Bereikbaar van maandag tot en met vrijdag van 08.30 uur tot 16.30 uur. Telefoonnummer 088 708 70 70. Mochten de complicaties optreden buiten kantooruren dan kunt u tot 3 dagen na de ERCP bellen naar de klinische MDL-afdeling 5 West; telefoonnummer 088 708 34 20.",Wat zijn de mogelijke complicaties van het onderzoek?,Complicaties komen bij dit onderzoek heel zelden voor.,0.0,0.09302325581395349,100.0
21,"ziekenhuis? Complicaties komen bij dit onderzoek heel zelden voor. Hebt u na afloop van het onderzoek buikpijn, koorts en/of bloedverlies Dan belt u met het MDL-centrum. Bereikbaar van maandag tot en met vrijdag van 08.30 uur tot 16.30 uur. Telefoonnummer 088 708 70 70. Mochten de complicaties optreden buiten kantooruren dan kunt u tot 3 dagen na de ERCP bellen naar de klinische MDL-afdeling 5 West; telefoonnummer 088 708 34 20.",Wanneer moet ik contact opnemen met het MDL-centrum na afloop van het onderzoek?,"Als u na afloop van het onderzoek buikpijn, koorts en/of bloedverlies heeft.",0.02127659574468085,0.11627906976744186,100.0
22,"ziekenhuis? Complicaties komen bij dit onderzoek heel zelden voor. Hebt u na afloop van het onderzoek buikpijn, koorts en/of bloedverlies Dan belt u met het MDL-centrum. Bereikbaar van maandag tot en met vrijdag van 08.30 uur tot 16.30 uur. Telefoonnummer 088 708 70 70. Mochten de complicaties optreden buiten kantooruren dan kunt u tot 3 dagen na de ERCP bellen naar de klinische MDL-afdeling 5 West; telefoonnummer 088 708 34 20.",Wat zijn de bereikbaarheidstijden van het MDL-centrum?,Het MDL-centrum is bereikbaar van maandag tot en met vrijdag van 08.30 uur tot 16.30 uur.,0.0,0.16279069767441862,100.0
23,"ziekenhuis? Complicaties komen bij dit onderzoek heel zelden voor. Hebt u na afloop van het onderzoek buikpijn, koorts en/of bloedverlies Dan belt u met het MDL-centrum. Bereikbaar van maandag tot en met vrijdag van 08.30 uur tot 16.30 uur. Telefoonnummer 088 708 70 70. Mochten de complicaties optreden buiten kantooruren dan kunt u tot 3 dagen na de ERCP bellen naar de klinische MDL-afdeling 5 West; telefoonnummer 088 708 34 20.",Wat is het telefoonnummer van de klinische MDL-afdeling 5 West?,Het telefoonnummer van de klinische MDL-afdeling 5 West is 088 708 34 20.,0.06818181818181818,0.13333333333333333,100.0
24,"Mocht u na het lezen van deze folder nog vragen hebben, stel ze dan gerust. U kunt bellen naar het MDL-centrum, telefoonnummer 088 708 34 00.",Wanneer moet ik contact opnemen met het MDL-centrum?,U kunt contact opnemen met het MDL-centrum als u nog vragen heeft na het lezen van deze folder. Het telefoonnummer is 088 708 34 00.,0.0,0.2631578947368421,100.0
25,"Mocht u na het lezen van deze folder nog vragen hebben, stel ze dan gerust. U kunt bellen naar het MDL-centrum, telefoonnummer 088 708 34 00.",Hoe kan ik het MDL-centrum bereiken?,U kunt het MDL-centrum bereiken door te bellen naar het telefoonnummer 088 708 34 00.,0.0,0.23529411764705882,100.0
26,"Wanneer u vragen heeft over borstvoeding na een operatie is het mogelijk een lactatiekundige (borstvoedingsdeskundige) te spreken. Dit is in ZGT zowel voor als na de operatie mogelijk. Hiervoor kan contact opgenomen worden met de afdeling moeder en kind, zij zullen u verder verwijzen of een afspraak voor u inplannen. Om een afspraak te maken met de lactatieverpleegkundige kunt u bellen met telefoonnummer 088 708 44 51.",Is het mogelijk om een lactatiekundige te spreken over borstvoeding na een operatie?,"Ja, het is mogelijk om een lactatiekundige te spreken voor en na de operatie. Dit kan geregeld worden via de afdeling moeder en kind in ZGT.",0.06060606060606061,0.08108108108108109,100.0
27,"Wanneer u vragen heeft over borstvoeding na een operatie is het mogelijk een lactatiekundige (borstvoedingsdeskundige) te spreken. Dit is in ZGT zowel voor als na de operatie mogelijk. Hiervoor kan contact opgenomen worden met de afdeling moeder en kind, zij zullen u verder verwijzen of een afspraak voor u inplannen. Om een afspraak te maken met de lactatieverpleegkundige kunt u bellen met telefoonnummer 088 708 44 51.",Hoe kan ik een afspraak maken met de lactatieverpleegkundige?,Om een afspraak te maken met de lactatieverpleegkundige kunt u bellen met telefoonnummer 088 708 44 51.,0.06451612903225806,0.2903225806451613,90.0
28,"Wanneer u vragen heeft over borstvoeding na een operatie is het mogelijk een lactatiekundige (borstvoedingsdeskundige) te spreken. Dit is in ZGT zowel voor als na de operatie mogelijk. Hiervoor kan contact opgenomen worden met de afdeling moeder en kind, zij zullen u verder verwijzen of een afspraak voor u inplannen. Om een afspraak te maken met de lactatieverpleegkundige kunt u bellen met telefoonnummer 088 708 44 51.",Waar kan ik contact opnemen voor meer informatie over borstvoeding na een operatie?,Voor meer informatie over borstvoeding na een operatie kunt u contact opnemen met de afdeling moeder en kind in ZGT.,0.02857142857142857,0.08108108108108109,100.0
29,"Wanneer u vragen heeft over borstvoeding na een operatie is het mogelijk een lactatiekundige (borstvoedingsdeskundige) te spreken. Dit is in ZGT zowel voor als na de operatie mogelijk. Hiervoor kan contact opgenomen worden met de afdeling moeder en kind, zij zullen u verder verwijzen of een afspraak voor u inplannen. Om een afspraak te maken met de lactatieverpleegkundige kunt u bellen met telefoonnummer 088 708 44 51.",Wat is het telefoonnummer van de afdeling moeder en kind in ZGT?,Het telefoonnummer van de afdeling moeder en kind in ZGT is 088 708 44 51.,0.06060606060606061,0.14705882352941177,90.0
30,"Mocht u nog vragen hebben stel ze dan gerust. U kunt bellen naar het MDL-centrum telefoonnummer, 088 708 70 70.",Waar kan ik terecht met vragen over het doorspoelen van een verstopte voedingssonde?,"U kunt met vragen over het doorspoelen van een verstopte voedingssonde terecht bij het MDL-centrum telefoonnummer, 088 708 70 70.",0.0,0.29411764705882354,95.0
31,"Mocht u nog vragen hebben stel ze dan gerust. U kunt bellen naar het MDL-centrum telefoonnummer, 088 708 70 70.",Is het mogelijk om de verstopping van een voedingssonde zelf op te lossen?,"Ja, u kunt proberen om de verstopping van een voedingssonde zelf op te lossen door het doorspoelen met lauwwarm water. Als dit niet lukt, neem dan contact op met het MDL-centrum telefoonnummer, 088 708 70 70.",0.0,0.22727272727272727,90.0
32,"Mocht u nog vragen hebben stel ze dan gerust. U kunt bellen naar het MDL-centrum telefoonnummer, 088 708 70 70.",Wat moet ik doen als de verstopping van een voedingssonde niet oplost na het doorspoelen?,"Als de verstopping van een voedingssonde niet oplost na het doorspoelen, laat dan lauwwarm water 30 minuten inwerken en herhaal de bovenstaande procedure nogmaals. Als dit ook niet werkt, neem dan contact op met het MDL-centrum telefoonnummer, 088 708 70 70.",0.0,0.17857142857142858,95.0
33,"- ZGT (algemeen nummer): 088 708 78 78 
- Voor zwangeren is onze afdeling verloskunde op locaties Almelo en Hengelo op één centraal nummer bereikbaar: 088 708 44 16",Wat is het algemene nummer van de ZGT?,Het algemene nummer van de ZGT is 088 708 78 78.,0.0,0.13043478260869565,100.0
34,"- ZGT (algemeen nummer): 088 708 78 78 
- Voor zwangeren is onze afdeling verloskunde op locaties Almelo en Hengelo op één centraal nummer bereikbaar: 088 708 44 16",Op welke locaties zijn de afdeling verloskunde van ZGT bereikbaar voor zwangeren?,De afdeling verloskunde van ZGT is op locaties Almelo en Hengelo op één centraal nummer bereikbaar: 088 708 44 16.,0.04,0.5,95.0
35,"- ZGT (algemeen nummer): 088 708 78 78 
- Voor zwangeren is onze afdeling verloskunde op locaties Almelo en Hengelo op één centraal nummer bereikbaar: 088 708 44 16",Wat is het belangrijkste nummer voor zwangeren om de afdeling verloskunde van ZGT te bereiken?,Voor zwangeren is ons afdeling verloskunde op locaties Almelo en Hengelo op één centraal nummer bereikbaar: 088 708 44 16.,0.04,0.5714285714285714,90.0
36,"- ZGT (algemeen nummer): 088 708 78 78 
- Voor zwangeren is onze afdeling verloskunde op locaties Almelo en Hengelo op één centraal nummer bereikbaar: 088 708 44 16",Is de afdeling verloskunde van ZGT op alle locaties bereikbaar voor zwangeren?,De afdeling verloskunde van ZGT is op locaties Almelo en Hengelo op één centraal nummer bereikbaar voor zwangeren: 088 708 44 16.,0.04,0.4166666666666667,100.0
37,"KinderThuisZorg KinderThuisZorg is 24 uur per dag, 7 dagen per week beschikbaar op het volgende telefoonnummer: 088 0200 700. Wanneer u belt naar KinderThuisZorg volgt er een keuzemenu. Vervolgens wordt er gevraagd naar uw postcode, waardoor u kan worden doorverbonden met de juiste kinderverpleegkundige uit uw regio. ZGT Almelo, moeder-kind afdeling Neonatologie De afdeling moeder-kind, neonatologie is 24 uur per dag, 7 dagen per week beschikbaar op het volgende telefoonnummer: 088 708 4451 Wanneer u met uw kind naar de afdeling komt voor een nieuw infuus, volgt u routenummer 1.2. U kunt u tijdens kantoortijden aanmelden bij de secretaresse. Buiten kantoortijden kunt u gebruik maken van de bel bij de ingang van de afdeling.",Hoe kan ik contact opnemen met KinderThuisZorg?,"U kunt 24 uur per dag, 7 dagen per week contact opnemen met KinderThuisZorg op het telefoonnummer 088 0200 700.",0.0,0.13432835820895522,100.0
38,"KinderThuisZorg KinderThuisZorg is 24 uur per dag, 7 dagen per week beschikbaar op het volgende telefoonnummer: 088 0200 700. Wanneer u belt naar KinderThuisZorg volgt er een keuzemenu. Vervolgens wordt er gevraagd naar uw postcode, waardoor u kan worden doorverbonden met de juiste kinderverpleegkundige uit uw regio. ZGT Almelo, moeder-kind afdeling Neonatologie De afdeling moeder-kind, neonatologie is 24 uur per dag, 7 dagen per week beschikbaar op het volgende telefoonnummer: 088 708 4451 Wanneer u met uw kind naar de afdeling komt voor een nieuw infuus, volgt u routenummer 1.2. U kunt u tijdens kantoortijden aanmelden bij de secretaresse. Buiten kantoortijden kunt u gebruik maken van de bel bij de ingang van de afdeling.",Kan ik mijn kind aanmelden bij KinderThuisZorg?,"Ja, u kunt uw kind tijdens kantoortijden aanmelden bij de secretaresse. Buiten kantoortijden kunt u gebruik maken van de bel bij de ingang van de afdeling.",0.0,0.1746031746031746,100.0
39,"KinderThuisZorg KinderThuisZorg is 24 uur per dag, 7 dagen per week beschikbaar op het volgende telefoonnummer: 088 0200 700. Wanneer u belt naar KinderThuisZorg volgt er een keuzemenu. Vervolgens wordt er gevraagd naar uw postcode, waardoor u kan worden doorverbonden met de juiste kinderverpleegkundige uit uw regio. ZGT Almelo, moeder-kind afdeling Neonatologie De afdeling moeder-kind, neonatologie is 24 uur per dag, 7 dagen per week beschikbaar op het volgende telefoonnummer: 088 708 4451 Wanneer u met uw kind naar de afdeling komt voor een nieuw infuus, volgt u routenummer 1.2. U kunt u tijdens kantoortijden aanmelden bij de secretaresse. Buiten kantoortijden kunt u gebruik maken van de bel bij de ingang van de afdeling.",Hoe kom ik in contact met de juiste kinderverpleegkundige?,"Bij het bellen naar KinderThuisZorg wordt er gevraagd naar uw postcode, waardoor u kan worden doorverbonden met de juiste kinderverpleegkundige uit uw regio.",0.015873015873015872,0.09523809523809523,100.0
40,"KinderThuisZorg KinderThuisZorg is 24 uur per dag, 7 dagen per week beschikbaar op het volgende telefoonnummer: 088 0200 700. Wanneer u belt naar KinderThuisZorg volgt er een keuzemenu. Vervolgens wordt er gevraagd naar uw postcode, waardoor u kan worden doorverbonden met de juiste kinderverpleegkundige uit uw regio. ZGT Almelo, moeder-kind afdeling Neonatologie De afdeling moeder-kind, neonatologie is 24 uur per dag, 7 dagen per week beschikbaar op het volgende telefoonnummer: 088 708 4451 Wanneer u met uw kind naar de afdeling komt voor een nieuw infuus, volgt u routenummer 1.2. U kunt u tijdens kantoortijden aanmelden bij de secretaresse. Buiten kantoortijden kunt u gebruik maken van de bel bij de ingang van de afdeling.",Waar kan ik terecht voor een nieuw infuus voor mijn kind?,"Bij ZGT Almelo, op de afdeling moeder-kind, neonatologie. Tijdens kantoortijden kunt u zich aanmelden bij de secretaresse, buiten kantoortijden kunt u het belsysteem bij de ingang van de afdeling gebruiken.",0.015625,0.13432835820895522,100.0
41,"KinderThuisZorg KinderThuisZorg is 24 uur per dag, 7 dagen per week beschikbaar op het volgende telefoonnummer: 088 0200 700. Wanneer u belt naar KinderThuisZorg volgt er een keuzemenu. Vervolgens wordt er gevraagd naar uw postcode, waardoor u kan worden doorverbonden met de juiste kinderverpleegkundige uit uw regio. ZGT Almelo, moeder-kind afdeling Neonatologie De afdeling moeder-kind, neonatologie is 24 uur per dag, 7 dagen per week beschikbaar op het volgende telefoonnummer: 088 708 4451 Wanneer u met uw kind naar de afdeling komt voor een nieuw infuus, volgt u routenummer 1.2. U kunt u tijdens kantoortijden aanmelden bij de secretaresse. Buiten kantoortijden kunt u gebruik maken van de bel bij de ingang van de afdeling.",Welk routenummer moet ik volgen als ik mijn kind naar ZGT Almelo breng voor een nieuw infuus?,"U dient routenummer 1.2 te volgen wanneer u met uw kind naar de afdeling moeder-kind, neonatologie komt voor een nieuw infuus.",0.029850746268656716,0.09090909090909091,100.0
42,"Heeft u na het onderzoek nog vragen of dienen zich thuis problemen voor, neem dan contact op met de polikliniek longgeneeskunde. 
- Tijdens kantooruren kunt u contact opnemen met het secretariaat van het Hart Long Centrum, telefoonnummer 088 708 33 00. 
- Buiten kantooruren kunt u contact opnemen met de afdeling spoedeisende hulp, telefoonnummer 088 708 78 78",Hoe kan ik contact opnemen met de polikliniek longgeneeskunde?,U kunt tijdens kantooruren contact opnemen met het secretariaat van het Hart Long Centrum op telefoonnummer 088 708 33 00.,0.06451612903225806,0.34375,100.0
43,"Heeft u na het onderzoek nog vragen of dienen zich thuis problemen voor, neem dan contact op met de polikliniek longgeneeskunde. 
- Tijdens kantooruren kunt u contact opnemen met het secretariaat van het Hart Long Centrum, telefoonnummer 088 708 33 00. 
- Buiten kantooruren kunt u contact opnemen met de afdeling spoedeisende hulp, telefoonnummer 088 708 78 78",Wat is het telefoonnummer voor contact met de afdeling spoedeisende hulp buiten kantooruren?,U kunt buiten kantooruren contact opnemen met de afdeling spoedeisende hulp op telefoonnummer 088 708 78 78.,0.09090909090909091,0.3125,100.0
44,"Heeft u na het onderzoek nog vragen of dienen zich thuis problemen voor, neem dan contact op met de polikliniek longgeneeskunde. 
- Tijdens kantooruren kunt u contact opnemen met het secretariaat van het Hart Long Centrum, telefoonnummer 088 708 33 00. 
- Buiten kantooruren kunt u contact opnemen met de afdeling spoedeisende hulp, telefoonnummer 088 708 78 78",Wat is het telefoonnummer voor het secretariaat van het Hart Long Centrum?,Het telefoonnummer voor het secretariaat van het Hart Long Centrum is 088 708 33 00.,0.0967741935483871,0.1875,100.0
45,"Wij raden u aan om contact op te nemen als er binnen zeven dagen na de afleesdag een reactie op uw rug ontstaat. Neem ook contact met ons op als er ernstige jeukklachten of andere onverwachte reacties ontstaan. Mocht u na het lezen van deze folder nog vragen hebben, neem dan contact op met de polikliniek dermatologie. Telefoonnummer 088 708 53 40. Ziekenhuislocatie Hengelo Telefoonnummer 088 708 31 30. Ziekenhuislocatie Almelo",Wat moet ik doen als ik een reactie krijg op mijn rug na het aflezen van de rug?,U wordt geadviseerd om contact op te nemen als er binnen zeven dagen na afleesdag een reactie op uw rug ontstaat. Neem ook contact met ons op als er ernstige jeukklachten of andere onverwachte reacties ontstaan.,0.0,0.40540540540540543,100.0
46,"Wij raden u aan om contact op te nemen als er binnen zeven dagen na de afleesdag een reactie op uw rug ontstaat. Neem ook contact met ons op als er ernstige jeukklachten of andere onverwachte reacties ontstaan. Mocht u na het lezen van deze folder nog vragen hebben, neem dan contact op met de polikliniek dermatologie. Telefoonnummer 088 708 53 40. Ziekenhuislocatie Hengelo Telefoonnummer 088 708 31 30. Ziekenhuislocatie Almelo",Wat zijn de gevolgen van het niet op tijd reageren op een reactie na het aflezen van de rug?,"Als u niet op tijd reageert op een reactie na het aflezen van de rug, kunnen er ernstige jeukklachten of andere onverwachte reacties ontstaan die mogelijk behandeling vereisen.",0.0,0.09090909090909091,90.0
47,"Wij raden u aan om contact op te nemen als er binnen zeven dagen na de afleesdag een reactie op uw rug ontstaat. Neem ook contact met ons op als er ernstige jeukklachten of andere onverwachte reacties ontstaan. Mocht u na het lezen van deze folder nog vragen hebben, neem dan contact op met de polikliniek dermatologie. Telefoonnummer 088 708 53 40. Ziekenhuislocatie Hengelo Telefoonnummer 088 708 31 30. Ziekenhuislocatie Almelo",Wat moet ik doen als ik na het lezen van deze folder nog vragen heb?,U wordt geadviseerd om contact op te nemen met de polikliniek dermatologie als u na het lezen van deze folder nog vragen heeft. Het telefoonnummer is 088 708 53 40 voor ziekenhuislocatie Hengelo en 088 708 31 30 voor ziekenhuislocatie Almelo.,0.05555555555555555,0.2222222222222222,90.0
48,"Wij raden u aan om contact op te nemen als er binnen zeven dagen na de afleesdag een reactie op uw rug ontstaat. Neem ook contact met ons op als er ernstige jeukklachten of andere onverwachte reacties ontstaan. Mocht u na het lezen van deze folder nog vragen hebben, neem dan contact op met de polikliniek dermatologie. Telefoonnummer 088 708 53 40. Ziekenhuislocatie Hengelo Telefoonnummer 088 708 31 30. Ziekenhuislocatie Almelo",Kan ik de polikliniek dermatologie ook bereiken via e-mail?,Het is niet mogelijk om de polikliniek dermatologie te bereiken via e-mail. U kunt het beste telefonisch contact opnemen met het telefoonnummer 088 708 53 40 voor ziekenhuislocatie Hengelo en 088 708 31 30 voor ziekenhuislocatie Almelo.,0.02564102564102564,0.13725490196078433,80.0
49,"Wij raden u aan om contact op te nemen als er binnen zeven dagen na de afleesdag een reactie op uw rug ontstaat. Neem ook contact met ons op als er ernstige jeukklachten of andere onverwachte reacties ontstaan. Mocht u na het lezen van deze folder nog vragen hebben, neem dan contact op met de polikliniek dermatologie. Telefoonnummer 088 708 53 40. Ziekenhuislocatie Hengelo Telefoonnummer 088 708 31 30. Ziekenhuislocatie Almelo",Wat moet ik doen als ik jeukklachten heb na het aflezen van de rug?,Neem contact op met de polikliniek dermatologie als u ernstige jeukklachten heeft na het aflezen van de rug. Dit kan duiden op een reactie en mogelijk behandeling vereisen.,0.0,0.09090909090909091,90.0
50,"Heeft u vóór of na de controleafspraak op de polikliniek vragen dan kan u tijdens kantooruren contact opnemen met de polikliniek chirurgie, telefoonnummer 088 708 52 33.",Wat is het telefoonnummer van de polikliniek chirurgie?,Het telefoonnummer van de polikliniek chirurgie is 088 708 52 33.,0.06666666666666667,0.25,100.0
51,"Heeft u vóór of na de controleafspraak op de polikliniek vragen dan kan u tijdens kantooruren contact opnemen met de polikliniek chirurgie, telefoonnummer 088 708 52 33.",Wat is de beste manier om contact op te nemen met de polikliniek chirurgie?,De beste manier om contact op te nemen met de polikliniek chirurgie is tijdens kantooruren.,0.05555555555555555,0.10526315789473684,95.0
52,"Heeft u vóór of na de controleafspraak op de polikliniek vragen dan kan u tijdens kantooruren contact opnemen met de polikliniek chirurgie, telefoonnummer 088 708 52 33.",Kan ik vragen stellen voor of na mijn controleafspraak op de polikliniek?,"Ja, u kunt vragen stellen voor of na uw controleafspraak op de polikliniek chirurgie.",0.0625,0.11764705882352941,95.0
53,"Heeft u vóór of na de controleafspraak op de polikliniek vragen dan kan u tijdens kantooruren contact opnemen met de polikliniek chirurgie, telefoonnummer 088 708 52 33.",Hoe kan ik contact opnemen met de polikliniek chirurgie buiten kantooruren?,U kunt contact opnemen met de afdeling chirurgie via het algemene telefoonnummer 088 708 52 33 buiten kantooruren.,0.1875,0.22727272727272727,
54,"Heeft u vóór of na de controleafspraak op de polikliniek vragen dan kan u tijdens kantooruren contact opnemen met de polikliniek chirurgie, telefoonnummer 088 708 52 33.",Welk telefoonnummer moet ik bellen als ik vragen heb na mijn controleafspraak op de polikliniek?,"Als u vragen heeft na uw controleafspraak op de polikliniek chirurgie, kunt u bellen naar 088 708 52 33.",0.05555555555555555,0.2777777777777778,100.0
55,"Als u zaken over de behandeling niet begrijpt of ergens ontevreden over bent, dan wil de betreffende behandelaar dit graag met u bespreken. Mocht dit niet tot duidelijkheid leiden, dan kunt u contact opnemen met uw behandelend revalidatiearts om het te bespreken. Indien dit onvoldoende oplevert, kunt u terecht bij de klachtenbemiddelaar van het ziekenhuis. Locatie Almelo/Locatie Hengelo Telefoonnummer: 088 708 57 83.",Hoe kan ik ervoor zorgen dat een behandeling duidelijk wordt besproken?,"Als u zaken over de behandeling niet begrijpt of ergens ontevreden over bent, dan wil de betreffende behandelaar dit graag met u bespreken.",0.0,0.2727272727272727,100.0
56,"Als u zaken over de behandeling niet begrijpt of ergens ontevreden over bent, dan wil de betreffende behandelaar dit graag met u bespreken. Mocht dit niet tot duidelijkheid leiden, dan kunt u contact opnemen met uw behandelend revalidatiearts om het te bespreken. Indien dit onvoldoende oplevert, kunt u terecht bij de klachtenbemiddelaar van het ziekenhuis. Locatie Almelo/Locatie Hengelo Telefoonnummer: 088 708 57 83.",Met wie kan ik contact opnemen als ik niet tevreden ben na het bespreken van een behandeling?,"Mocht dit niet tot duidelijkheid leiden, dan kunt u contact opnemen met uw behandelend revalidatiearts om het te bespreken.",0.027777777777777776,0.24242424242424243,100.0
57,"Als u zaken over de behandeling niet begrijpt of ergens ontevreden over bent, dan wil de betreffende behandelaar dit graag met u bespreken. Mocht dit niet tot duidelijkheid leiden, dan kunt u contact opnemen met uw behandelend revalidatiearts om het te bespreken. Indien dit onvoldoende oplevert, kunt u terecht bij de klachtenbemiddelaar van het ziekenhuis. Locatie Almelo/Locatie Hengelo Telefoonnummer: 088 708 57 83.",Wie kan ik benaderen als ik nog steeds ontevreden ben na het bespreken met mijn behandelend revalidatiearts?,"Indien dit onvoldoende oplevert, kunt u terecht bij de klachtenbemiddelaar van het ziekenhuis.",0.02702702702702703,0.18181818181818182,100.0
58,"Als u zaken over de behandeling niet begrijpt of ergens ontevreden over bent, dan wil de betreffende behandelaar dit graag met u bespreken. Mocht dit niet tot duidelijkheid leiden, dan kunt u contact opnemen met uw behandelend revalidatiearts om het te bespreken. Indien dit onvoldoende oplevert, kunt u terecht bij de klachtenbemiddelaar van het ziekenhuis. Locatie Almelo/Locatie Hengelo Telefoonnummer: 088 708 57 83.",Wat is het telefoonnummer van de klachtenbemiddelaar voor locatie Almelo en Hengelo?,Locatie Almelo/Locatie Hengelo Telefoonnummer: 088 708 57 83.,0.0,0.21212121212121213,100.0
59,"- U koorts krijgt (38,5°C of hoger). 
- De lies erg gevoelig/pijnlijk is. 
- Een zwelling in de lies op treedt. 
- De lies rood verkleurt en erg warm aanvoelt. 
- U huiduitslag heeft. Tijdens kantooruren kunt u telefonisch contact opnemen met het secretariaat urologie: 088 708 33 90. Buiten kantoortijden kunt u bij deze klachten en/of andere klachten die niet kunnen wachten tot de volgende werkdag, contact opnemen met de afdeling spoedeisende hulp: 088 708 78 78.",Bij welke symptomen moet u direct contact opnemen met het secretariaat urologie?,"Als u koorts krijgt (38,5°C of hoger), de lies erg gevoelig/pijnlijk is, er een zwelling in de lies optreedt, de lies rood verkleurt of erg warm aanvoelt, u huiduitslag heeft",0.06382978723404255,0.30434782608695654,95.0
60,"- U koorts krijgt (38,5°C of hoger). 
- De lies erg gevoelig/pijnlijk is. 
- Een zwelling in de lies op treedt. 
- De lies rood verkleurt en erg warm aanvoelt. 
- U huiduitslag heeft. Tijdens kantooruren kunt u telefonisch contact opnemen met het secretariaat urologie: 088 708 33 90. Buiten kantoortijden kunt u bij deze klachten en/of andere klachten die niet kunnen wachten tot de volgende werkdag, contact opnemen met de afdeling spoedeisende hulp: 088 708 78 78.",Waar moet u contact mee opnemen in geval van klachten buiten kantoortijden?,De afdeling spoedeisende hulp op 088 708 78 78,0.02,0.13636363636363635,100.0
61,"U mag tot twee weken na de operatie bij onderstaande problemen contact opnemen met het ziekenhuis. U neemt contact op bij: 
- koorts hoger dan 38.5oC; 
- pijn, roodheid, zwelling en lekkage van het wondgebied; 
- onbegrepen pijn of andere klachtenl; 
- misselijkheidklachten en problemen bij de stoelgang; 
- indien er geen/nauwelijks urine meer afloopt in de urinestomazak; 
- bij toenemende pijn in de onderbuik en/of zij; 
- problemen met urinestoma. Tijdens kantooruren belt u naar: 
- polikliniek urologie, telefoonnummer 088 708 33 90 Via bovenstaand nummer kunt u ook de stomaverpleegkundige bereiken. In zeer dringende gevallen, welke niet kunnen wachten tot de volgende werkdag, kunt u buiten kantoortijden bellen met: 
- spoedeisende hulp, telefoonnummer 088 708 78 78",Wat zijn de symptomen die wijzen op een infectie na de operatie?,"Symptomen die wijzen op een infectie na de operatie zijn onder andere koorts hoger dan 38.5oC, pijn, roodheid, zwelling en lekkage van het wondgebied, onbegrepen pijn of andere klachten, misselijkheidklachten en problemen bij de stoelgang, indien er geen/nauwelijks urine meer afloopt in de urinestomazak, bij toenemende pijn in de onderbuik en/of zij, en problemen met urinestoma.",0.0,0.3013698630136986,90.0
62,"U mag tot twee weken na de operatie bij onderstaande problemen contact opnemen met het ziekenhuis. U neemt contact op bij: 
- koorts hoger dan 38.5oC; 
- pijn, roodheid, zwelling en lekkage van het wondgebied; 
- onbegrepen pijn of andere klachtenl; 
- misselijkheidklachten en problemen bij de stoelgang; 
- indien er geen/nauwelijks urine meer afloopt in de urinestomazak; 
- bij toenemende pijn in de onderbuik en/of zij; 
- problemen met urinestoma. Tijdens kantooruren belt u naar: 
- polikliniek urologie, telefoonnummer 088 708 33 90 Via bovenstaand nummer kunt u ook de stomaverpleegkundige bereiken. In zeer dringende gevallen, welke niet kunnen wachten tot de volgende werkdag, kunt u buiten kantoortijden bellen met: 
- spoedeisende hulp, telefoonnummer 088 708 78 78",Wanneer moet ik contact opnemen met het ziekenhuis na de operatie?,"U mag tot twee weken na de operatie contact opnemen met het ziekenhuis bij problemen zoals koorts hoger dan 38.5oC, pijn, roodheid, zwelling en lekkage van het wondgebied, onbegrepen pijn of andere klachten, misselijkheidklachten en problemen bij de stoelgang, indien er geen/nauwelijks urine meer afloopt in de urinestomazak, bij toenemende pijn in de onderbuik en/of zij, en problemen met urinestoma.",0.028985507246376812,0.3698630136986301,100.0
63,"U mag tot twee weken na de operatie bij onderstaande problemen contact opnemen met het ziekenhuis. U neemt contact op bij: 
- koorts hoger dan 38.5oC; 
- pijn, roodheid, zwelling en lekkage van het wondgebied; 
- onbegrepen pijn of andere klachtenl; 
- misselijkheidklachten en problemen bij de stoelgang; 
- indien er geen/nauwelijks urine meer afloopt in de urinestomazak; 
- bij toenemende pijn in de onderbuik en/of zij; 
- problemen met urinestoma. Tijdens kantooruren belt u naar: 
- polikliniek urologie, telefoonnummer 088 708 33 90 Via bovenstaand nummer kunt u ook de stomaverpleegkundige bereiken. In zeer dringende gevallen, welke niet kunnen wachten tot de volgende werkdag, kunt u buiten kantoortijden bellen met: 
- spoedeisende hulp, telefoonnummer 088 708 78 78",Wat is het telefoonnummer van de polikliniek urologie?,Het telefoonnummer van de polikliniek urologie is 088 708 33 90.,0.014705882352941176,0.057971014492753624,100.0
64,"U mag tot twee weken na de operatie bij onderstaande problemen contact opnemen met het ziekenhuis. U neemt contact op bij: 
- koorts hoger dan 38.5oC; 
- pijn, roodheid, zwelling en lekkage van het wondgebied; 
- onbegrepen pijn of andere klachtenl; 
- misselijkheidklachten en problemen bij de stoelgang; 
- indien er geen/nauwelijks urine meer afloopt in de urinestomazak; 
- bij toenemende pijn in de onderbuik en/of zij; 
- problemen met urinestoma. Tijdens kantooruren belt u naar: 
- polikliniek urologie, telefoonnummer 088 708 33 90 Via bovenstaand nummer kunt u ook de stomaverpleegkundige bereiken. In zeer dringende gevallen, welke niet kunnen wachten tot de volgende werkdag, kunt u buiten kantoortijden bellen met: 
- spoedeisende hulp, telefoonnummer 088 708 78 78",Waar kan ik terecht voor dringende gevallen buiten kantoortijden?,"In zeer dringende gevallen, welke niet kunnen wachten tot de volgende werkdag, kunt u buiten kantoortijden bellen met de spoedeisende hulp op telefoonnummer 088 708 78 78.",0.02857142857142857,0.2537313432835821,100.0
65,"U mag tot twee weken na de operatie bij onderstaande problemen contact opnemen met het ziekenhuis. U neemt contact op bij: 
- koorts hoger dan 38.5oC; 
- pijn, roodheid, zwelling en lekkage van het wondgebied; 
- onbegrepen pijn of andere klachtenl; 
- misselijkheidklachten en problemen bij de stoelgang; 
- indien er geen/nauwelijks urine meer afloopt in de urinestomazak; 
- bij toenemende pijn in de onderbuik en/of zij; 
- problemen met urinestoma. Tijdens kantooruren belt u naar: 
- polikliniek urologie, telefoonnummer 088 708 33 90 Via bovenstaand nummer kunt u ook de stomaverpleegkundige bereiken. In zeer dringende gevallen, welke niet kunnen wachten tot de volgende werkdag, kunt u buiten kantoortijden bellen met: 
- spoedeisende hulp, telefoonnummer 088 708 78 78",Hoe kan ik de stomaverpleegkundige bereiken?,"U kunt de stomaverpleegkundige bereiken via het telefoonnummer van de polikliniek urologie, 088 708 33 90.",0.014925373134328358,0.08450704225352113,90.0
66,"Heeft u nog vragen over de behandeling met Mitomycinespoeling dan kunt u op werkdagen tijdens kantooruren contact opnemen met onderstaande telefoonnummers. In acute gevallen zoals bij koorts boven 38.5°C neemt u tijdens kantooruren contact op met: 
- Polikliniek urologie telefoonnummer: 088 708 33 90 In acute gevallen zoals bij koorts boven 38.5°C neemt u buiten kantooruren contact op met: 
- Afdeling 5 West/ Oncologie telefoonnummer: 088 708 34 20",Hoe kan ik contact opnemen tijdens kantooruren?,U kunt tijdens kantooruren contact opnemen met de polikliniek urologie via telefoonnummer 088 708 33 90.,0.05555555555555555,0.20512820512820512,100.0
67,"Heeft u nog vragen over de behandeling met Mitomycinespoeling dan kunt u op werkdagen tijdens kantooruren contact opnemen met onderstaande telefoonnummers. In acute gevallen zoals bij koorts boven 38.5°C neemt u tijdens kantooruren contact op met: 
- Polikliniek urologie telefoonnummer: 088 708 33 90 In acute gevallen zoals bij koorts boven 38.5°C neemt u buiten kantooruren contact op met: 
- Afdeling 5 West/ Oncologie telefoonnummer: 088 708 34 20",Wat moet ik doen in geval van koorts boven 38.5°C tijdens kantooruren?,"In geval van koorts boven 38.5°C tijdens kantooruren, neemt u contact op met de polikliniek urologie via telefoonnummer 088 708 33 90.",0.08108108108108109,0.21951219512195122,100.0
68,"Heeft u nog vragen over de behandeling met Mitomycinespoeling dan kunt u op werkdagen tijdens kantooruren contact opnemen met onderstaande telefoonnummers. In acute gevallen zoals bij koorts boven 38.5°C neemt u tijdens kantooruren contact op met: 
- Polikliniek urologie telefoonnummer: 088 708 33 90 In acute gevallen zoals bij koorts boven 38.5°C neemt u buiten kantooruren contact op met: 
- Afdeling 5 West/ Oncologie telefoonnummer: 088 708 34 20",Wat moet ik doen in geval van koorts boven 38.5°C buiten kantooruren?,"In geval van koorts boven 38.5°C buiten kantooruren, neemt u contact op met afdeling 5 West/Oncologie via telefoonnummer 088 708 34 20.",0.08108108108108109,0.21428571428571427,100.0
69,"Heeft u nog vragen over de behandeling met Mitomycinespoeling dan kunt u op werkdagen tijdens kantooruren contact opnemen met onderstaande telefoonnummers. In acute gevallen zoals bij koorts boven 38.5°C neemt u tijdens kantooruren contact op met: 
- Polikliniek urologie telefoonnummer: 088 708 33 90 In acute gevallen zoals bij koorts boven 38.5°C neemt u buiten kantooruren contact op met: 
- Afdeling 5 West/ Oncologie telefoonnummer: 088 708 34 20",Kan ik ook buiten kantooruren contact opnemen met de polikliniek urologie?,"Ja, in acute gevallen zoals bij koorts boven 38.5°C kunt u buiten kantooruren contact opnemen met afdeling 5 West/Oncologie via telefoonnummer 088 708 34 20.",0.1111111111111111,0.3170731707317073,100.0
70,"Heeft u nog vragen over de behandeling met Mitomycinespoeling dan kunt u op werkdagen tijdens kantooruren contact opnemen met onderstaande telefoonnummers. In acute gevallen zoals bij koorts boven 38.5°C neemt u tijdens kantooruren contact op met: 
- Polikliniek urologie telefoonnummer: 088 708 33 90 In acute gevallen zoals bij koorts boven 38.5°C neemt u buiten kantooruren contact op met: 
- Afdeling 5 West/ Oncologie telefoonnummer: 088 708 34 20",Waar kan ik terecht voor vragen over de behandeling met Mitomycinespoeling?,Voor vragen over de behandeling met Mitomycinespoeling kunt u tijdens kantooruren contact opnemen met de polikliniek urologie via telefoonnummer 088 708 33 90.,0.05405405405405406,0.28205128205128205,90.0
71,"Wij bieden 
- Live online meeting met mogelijkheid tot vragen stellen 
- Voorlichting d.m.v. verschillende sprekers, foto’s en filmmateriaal U kunt de onderdelen afzonderlijk of in combinatie volgen op de volgende data Voorlichting over de bevalling Tijd 19.00 - 20.15 uur Waar thuis op de bank Voorlichting over borstvoeding Tijd 20.15 - 22.00 uur Waar thuis op de bank dinsdag 17 januari 2023 donderdag 16 februari 2023 dinsdag 21 maart 2023 donderdag 13 april 2023 dinsdag 16 mei 2023 donderdag 15 juni 2023 dinsdag 11 juli 2023 donderdag 17 augustus 2023 dinsdag 12 september 2023 donderdag 12 oktober 2023 dinsdag 14 november 2023 donderdag 14 december 2023 Aanmelden kan digitaal via het aanmeldformulier op zgt.nl: Ga naar Aandoening en behandeling, onze specialismen, verloskunde, folders en voorlichting. U ontvangt een bevestiging van uw aanmelding per e-mail. Op een later tijdstip ontvangt u per mail informatie over de online meeting.",Hoe kan ik mij aanmelden voor de voorlichtingsbijeenkomsten over bevalling en borstvoeding?,"U kunt zich digitaal aanmelden via het aanmeldformulier op zgt.nl: Ga naar Aandoening en behandeling, onze specialismen, verloskunde, folders en voorlichting. U ontvangt een bevestiging van uw aanmelding per e-mail. Op een later tijdstip ontvangt u per mail informatie over de online meeting.",0.0,0.22115384615384615,100.0
72,Heeft u na het lezen van deze folder nog vragen? Neem dan contact op met ZGT via de Breuklijn op maandag t/m vrijdag 08.00 - 16.30 uur via telefoonnummer 088 708 52 33.,Wat is de beste manier om contact op te nemen met ZGT voor vragen over deze folder?,Neem contact op met ZGT via de Breuklijn op maandag t/m vrijdag 08.00 - 16.30 uur via telefoonnummer 088 708 52 33.,0.0,0.8421052631578947,100.0
73,Heeft u na het lezen van deze folder nog vragen? Neem dan contact op met ZGT via de Breuklijn op maandag t/m vrijdag 08.00 - 16.30 uur via telefoonnummer 088 708 52 33.,Op welke tijden kan ik ZGT bereiken via de Breuklijn?,U kunt ZGT bereiken via de Breuklijn op maandag t/m vrijdag 08.00 - 16.30 uur.,0.043478260869565216,0.3181818181818182,100.0
74,Heeft u na het lezen van deze folder nog vragen? Neem dan contact op met ZGT via de Breuklijn op maandag t/m vrijdag 08.00 - 16.30 uur via telefoonnummer 088 708 52 33.,Welk telefoonnummer moet ik bellen als ik nog vragen heb na het lezen van deze folder?,Het telefoonnummer om te bellen voor vragen over deze folder is 088 708 52 33.,0.043478260869565216,0.13043478260869565,100.0
75,Heeft u na het lezen van deze folder nog vragen? Neem dan contact op met ZGT via de Breuklijn op maandag t/m vrijdag 08.00 - 16.30 uur via telefoonnummer 088 708 52 33.,Welke dagen zijn de Breuklijn beschikbaar?,U kunt de Breuklijn op maandag t/m vrijdag bereiken voor vragen over deze folder.,0.0,0.13043478260869565,100.0
76,"Heeft u naar aanleiding van deze folder vragen, neem dan contact op met de stoma- /coloncareverpleegkundige. U kunt bellen op maandag tot en met vrijdag van 08.00 uur tot 16.30 uur. Telefoonnummer 088 708 36 74. Ben u onverwacht verhinderd? Geef dit dan tijdig door.",Hoeveel uur per dag kan ik contact opnemen met de stoma-/coloncareverpleegkundige?,U kunt bellen op maandag tot en met vrijdag van 08.00 uur tot 16.30 uur.,0.0,0.30434782608695654,100.0
77,"Heeft u naar aanleiding van deze folder vragen, neem dan contact op met de stoma- /coloncareverpleegkundige. U kunt bellen op maandag tot en met vrijdag van 08.00 uur tot 16.30 uur. Telefoonnummer 088 708 36 74. Ben u onverwacht verhinderd? Geef dit dan tijdig door.",Wat is het telefoonnummer van de stoma-/coloncareverpleegkundige?,Het telefoonnummer is 088 708 36 74.,0.0,0.125,100.0
78,"Heeft u naar aanleiding van deze folder vragen, neem dan contact op met de stoma- /coloncareverpleegkundige. U kunt bellen op maandag tot en met vrijdag van 08.00 uur tot 16.30 uur. Telefoonnummer 088 708 36 74. Ben u onverwacht verhinderd? Geef dit dan tijdig door.",Op welke dagen kan ik bellen naar de stoma-/coloncareverpleegkundige?,U kunt bellen op maandag tot en met vrijdag.,0.0,0.13043478260869565,95.0
